{
  "base_seed": 1368,
  "num_runs": 1,
  "results": [
    {
      "convergence_tick": -1,
      "final_mcl_error": 0.9885644253125074,
      "final_odom_error": 0.6194164483275835,
      "path_type": "random_walk",
      "post_convergence_rms": 1.1302562020430864,
      "run_id": 0,
      "seed": 1368,
      "total_failures": 1
    }
  ]
}