{
  "base_seed": 123,
  "num_runs": 3,
  "results": [
    {
      "convergence_tick": -1,
      "final_mcl_error": 0.5064555274754651,
      "final_odom_error": 0.2991216930407725,
      "path_type": "spiral",
      "post_convergence_rms": 0.5064555274754651,
      "run_id": 2,
      "seed": 125,
      "total_failures": 0
    },
    {
      "convergence_tick": -1,
      "final_mcl_error": 0.4584335909807807,
      "final_odom_error": 0.30097214175780757,
      "path_type": "wall_hugger",
      "post_convergence_rms": 0.4584335909807807,
      "run_id": 1,
      "seed": 124,
      "total_failures": 0
    },
    {
      "convergence_tick": -1,
      "final_mcl_error": 0.45441373895532305,
      "final_odom_error": 0.11734110493396514,
      "path_type": "random_walk",
      "post_convergence_rms": 0.45441373895532305,
      "run_id": 0,
      "seed": 123,
      "total_failures": 1
    }
  ]
}